<?xml version='1.0' encoding= 'utf-8'?>

<colors>
	
   
    <!-- Couleurs génériques -->
    
    
    <color id="defaultDarkColor" color="#f4e0bc" />
    <!-- #? -->
    
    <color id="defaultDarkGreyColor" color="#2f3136" />
    <!-- #? -->
    
    <color id="defaultBlackColor" color="#f4e0bc" />
    <!-- #? -->
    
    <color id="blackColor" color="#f4e0bc" />
    <!-- #? -->
    
    <color id="selectedCellColor" color="#191a1d" />
    <!-- Couleur item selectionné -->
    
    <color id="mouseOverCellColor" color="#191a1d" />
    <!-- Couleur item survol -->
    
    <color id="pressedLightColor" color="#191a1d" />
    <!-- #? -->
    
    <color id="defaultLightColor" color="#f4e0bc" />
    <!-- Couleur texte xp métiers -->
    
    <color id="heroGradientFirstColor" color="#2f3136"/>
    <!-- Couleur fond héros primaire -->
    
    <color id="heroGradientSecondColor" color="#191a1d"/>
    <!-- Couleur fond héros secondaire -->
    
    <color id="companionGradientFirstColor" color="#2f3136"/>
    <!-- Couleur fond compagnons primaire -->
    
    <color id="companionGradientSecondColor" color="#191a1d"/>
    <!-- Couleur fond compagnons secondaire -->

    <color id="disabledHeroSlotColor" color="#2f3136"/>

    <color id="enabledHeroSlotColor" color="#2f3136" />
    
    
    
    
    <!-- Couleurs textes -->
    
    
    <color id="passportTitleColor" color="#a9abaf" />
    <!-- Couleur du titre du passeport -->
    
    <color id="scrollTitleBackgroundColor" color="#2f3136" />
    <!-- Couleur du titre des stats familiers -->
    
    <color id="mecanicLightBlueColor" color="#dcddde" />
    <!-- Couleur des températures / climat -->
    
    <color id="mecanicBlueColor" color="#f3dcb3" />
    <!-- Couleur des textes génériques -->
    
    <color id="mecanicDarkBlueColor" color="#f4e0bc" />
    <!-- Couleur des textes titres champs de bataillew / métiers -->
    
    
    
    
    
    <!-- Couleurs fonds interfaces -->
    
    
    <color id="windowBackgroundColor" color="#191a1d" />
    <!-- Couleurs du fond login -->
    
    <color id="chalkboardBackgroundColor" color="#2f3136" />
    <!-- Fond de couleur HDV -->

    <color id="tableCellBorderColor" color="#2f3136" />
    <!-- Fond de couleur HDV -->

    <color id="chalkboardBorderColor" color="#2f3136" />
    <!-- Fond de couleur HDV -->
    
    <color id="dungeonLadderNoRankColor" color="#36393f" />
    <!-- Couleur du fond du logo sans classement  -->
    
    <color id="dungeonLadderRankingColor" color="#36393f" />
    <!-- Couleur de fond du ladder donjon du personnage  -->
    
    <color id="fightReportOddCellColor" color="#3e4047" />
    <!-- Couleur impaire du rapport de combat  -->
    
    <color id="fightReportEvenCellColor" color="#36393f" />
    <!-- Couleur paire du rapport de combat  -->
    
    <color id="darkEvenCellColor" color="#2f3136" />
    <!-- Couleur paire des territoires de nations -->
    
    <color id="fleaOddCellColor" color="#2f3136" />
    <!-- Couleur paire items mode marchand -->
    
    <color id="fleaEvenCellColor" color="#2f3136" />
    <!-- Couleur impaire items mode marchand -->
    
    <color id="evenCellColor" color="#2f3136" />
    <!-- Couleur paire du ladder donjon -->
    
    <color id="oddCellColor" color="#36393f" />
    <!-- Couleur impaire du ladder donjon -->
     
    <color id="previewButtonBorderColor" color="#f4e0bc" />
    <!-- Couleur de fond du bouton recherche article -->
    
    <color id="detailedCellColor" color="#36393f" />
    <!-- Couleur de fond détails crafts / champs de bataille -->
    

    
    
    
    <!-- Couleurs annexes -->
    
    
    <color id="wakfuColor" color="#FFD700" /> 
    <!-- Couleur de l'xp ajouté à l'xp de base -->
    
    <color id="wakfuBarColor" color="#FFD700" /> 
    <!-- Couleur de la barre d'xp -->
    
    <color id="APColor" color="#04d5ff" />
    <!-- Couleur texte des PA -->
    
    <color id="MPColor" color="#97d100" />
    <!-- Couleur texte des PM -->
    
    <color id="xpColor" color="#737373" />
    <!-- Couleur de l'xp du personnage -->
    
    <color id="xpColorCompanion" color="#737373" />
    <!-- Couleur de l'xp du compagnion -->
    
    <color id="QBColor" color="#25282d" />
    <!-- Couleur de la brise quadramentale -->
    
    <color id="HPColor" color="#be0505" />
    <!-- Couleur texte des points de vie -->
    
    <color id="loadingWheelColor" color="#f3dcb3" />
    <!-- Couleur du rouage de chargement login -->
    
    <color id="stasisJaugeColor" color="#ee54ed" />
    <!-- Couleur de la jauge de stasis donjon -->
    
    <color id="ArmorColor" color="#1f731f"/>
    <!--  -->
    
    <color id="heartHPColor" color="#191a1d"/>
    <!-- Couleur du coeur de pv  -->
    
    <color id="heartArmorColor" color="#1f731f"/>	
    <!--  -->
    
    <color id="dungeonLadderSeparatorColor" color="#191a1d"/>	
    <!--  -->
    
    <color id="webShopHighlightColor" color="#191a1d"/>	
    <!--  -->

    <color id="protectorColor" color="#f3dcb3"/><!-- Couleur Fiole ecosystème -->

    <color id="wakfuColor" color="#f3dcb3"/><!-- Couleur Fiole ecosystème -->
    
    
    
    
    
    <!-- Couleurs mode tactique -->
    
    
    <color id="tacticalModeBackgroundColor" color="#060606"/>		
    <color id="tacticalModeEvenCellColor" color="#8e865e"/>	
    <color id="tacticalModeOddCellColor" color="#968e67"/>	
    <color id="tacticalModeObstacleCellColor" color="#58533ACC"/>	
    <color id="tacticalModeLineColor" color="#7f795f"/>	

    
    <color id="semiTacticalModeBackgroundColor" color="#000000"/>	
    <color id="semiTacticalModeObstacleCellColor" color="#58533ACC"/>	
    <color id="semiTacticalModeLineColor" color="#8e865e"/>	

    
    <color id="fightRangeColor" color="#223399"/>	
    <color id="fightZoneEffectColor" color="#dd1122"/>		
    <color id="fightRangeColorWithConstraints" color="#054db7"/>	
    <color id="fightRangeColorWithoutLineOfSight" color="#660000"/>	
    <color id="fightEmptyCellNeededColor" color="#5a7d3e"/>	
    <color id="fightPathColor" color="#006600"/>	
    <color id="fightPathErrorColor" color="#660000"/>

    
    <color id="fightResistancesBackgroundColor" color="#0f1011"/>	
    <color id="fightResistancesTextColor" color="#dcddde"/>	
    <color id="fightMinResistancesTextColor" color="#8e1313"/>	
    <color id="fightMaxResistancesTextColor" color="#1f731f"/>	

    <!-- CELLULES PHASE DE PLACEMENT -->

    <color id="team1PlacementCellColor" color="#dd1122"/> 
    <!-- Ennemis -->
    <color id="team2PlacementCellColor" color="#054db7"/> 
    <!-- Alliés -->

    <!-- INTERFACE DE GUIDES -->

    <color id="importantTextColor" color="#ffcc00"/>
    <!-- Couleur de mise en avant texte et titre guides -->

    <color id="serverOnlineColor" color="#36fb40"/> 
    <!-- En ligne -->
    <color id="serverUnavailableColor" color="#fb3636"/> 
    <!-- Maintenance -->
    <color id="serverDifferentVersion" color="#fb3636"/> 
    <!-- Version différente -->


<!-- Rareté des item -->

<color id="oldRarityColor" color="0.65,0.67,0.63,1.0" since="=10082000"/>
<color id="commonRarityColor" color="1.0,1.0,1.0,1.0" since="=10082000"/>
<color id="rareRarityColor" color="0.0,0.75,0.0,1.0" since="=10082000"/>
<color id="mythicRarityColor" color="1.0,0.6,0.0,1.0" since="=10082000"/>
<color id="legendaryRarityColor" color="1.0,1.0,0.5,1.0" since="=10082000"/>
<color id="relicRarityColor" color="0.81,0.45,0.95,1.0" since="=10082000"/>
<color id="souvenirRarityColor" color="0.58,0.94,0.96,1.0" since="=10082000"/>
<color id="epicRarityColor" color="1.0,0.65,0.84,1.0" since="=10082000"/>

<!-- Boutique -->

<color id="webShopBackgroundColor" color="#2f3136"/>
<color id="webShopMoneyPriceColor" color="#f3dcb3"/>
<color id="webShopMoneyPriceSaleColor" color="#f3dcb3"/>
<color id="webShopPriceBackgroundColor" color="#2f3136"/>
<color id="webShopNotEnoughOgrinePriceColor" color="#f3dcb3"/>
<color id="webShopOgrinePriceColor" color="#f3dcb3"/>
<color id="webShopOgrinePriceSaleColor" color="#f3dcb3"/>
<color id="webShopNotEnoughOgrinePriceBackgroundColor" color="#2f3136"/>
<color id="webShopHighlightColor" color="#2f3136"/> <!-- Couleur fond articles shop mis en avant + fond montant ogrines -->
<!-- Familier -->

<color id="scrollTitleBackgroundColorLight" color="#2f3136" since="10082000"/>

<!-- droits et les lois non activés -->

<color id="lightGreyTransparentColor" color="0,0,0,0.3" since="10082000"/>

<!-- explois -->

<color id="achievementCategoryCompleteColor" color="1.0,0.88,0.33" since="10082000"/>

<!-- guilde -->

<color id="mecanicBlueForHoverColor" color="#1c1c1c" since="10082000"/>

<!-- États appliqués à un personnage -->

<color id="positiveStateColor" color="0.0,0.75,0.0,1.0" since="10082000"/>
<color id="neutralStateColor" color="1.0,1.0,1.0,1.0" since="10082000"/>
<color id="negativeStateColor" color="0.85,0.25,0.25,1.0" since="10082000"/>


<!-- combat -->

<color id="fightEffectChatColor" color="0.84,0.27,0.29,1.0" since="10082000"/>
<color id="fightTargetChatColor" color="0.29,0.54,0.20,1.0" since="10082000"/>


<color id="fightRedTeamTimelineColor" color="1,0.64,0.14" since="10083000"/>
<color id="fightRedTeamTimelineHighlightedColor" color="0.92,0.91,0.3" since="10083000"/>
<color id="fightBlueTeamTimelineColor" color="0.56,0.95,0.91" since="10083000"/>
<color id="fightBlueTeamTimelineHighlightedColor" color="0.92,0.91,0.3" since="10083000"/>


<color id="webShopOgrineAmountColor" color="#36393f"/>

<!-- COULEURS DES CANAUX DU CHAT -->
<color id="errorChannelColor" color="0.84,0.27,0.29,1.0"/> <!-- Erreurs -->
<color id="informationChannelColor" color="#46a324"/> <!-- Informations -->
<color id="fightInformationChannelColor" color="#46a324"/> <!-- Informations en combat -->
<color id="fightEffectChatColor" color="0.84,0.27,0.29,1.0" since="10082000"/>
<color id="fightTargetChatColor" color="#46a324" since="10082000"/>
<color id="moderationMessagesColor" color="0.84,0.27,0.29,1.0"/> <!-- Tous les messages systèmes et des modérateurs -->

<color id="vicinityChannelColor" color="#fffef2"/> <!-- Proximité -->
<color id="privateChannelColor" color="#7ec3ff"/> <!-- MP -->
<color id="partyChannelColor" color="#00e4ff"/> <!-- Groupe -->
<color id="guildChannelColor" color="#975fff"/> <!-- Guilde -->
<color id="tradeChannelColor" color="#b3783e"/> <!-- Commerce-->
<color id="politicChannelColor" color="0.94,0.80,0.04,1.0"/> <!-- Politique (publique et privée) -->
<color id="battlegroundChannelColor" color="#f16392"/> <!-- Champ de bataille -->
<color id="intergameChannelColor" color="#f09300"/> <!-- Discussion Ankama -->
<color id="frCommunityChannelColor" color="#9ec79d"/> <!-- Communauté francophone -->
<color id="enCommunityChannelColor" color="#9ec79d"/> <!-- Communauté anglophone -->
<color id="esCommunityChannelColor" color="#9ec79d"/> <!-- Communauté hispanophone -->
<color id="ptCommunityChannelColor" color="#9ec79d"/> <!-- Communauté lusophone -->
<color id="frRecruitmentChannelColor" color="#e4a0d5"/> <!-- Recrutement francophone -->
<color id="enRecruitmentChannelColor" color="#e4a0d5"/> <!-- Recrutement anglophone -->
<color id="esRecruitmentChannelColor" color="#e4a0d5"/> <!-- Recrutement hispanophone -->
<color id="ptRecruitmentChannelColor" color="#e4a0d5"/> <!-- Recrutement lusophone -->




</colors>